{
    "test_notes": {
        "pretest": [
            "without sheaths"
        ],
        "posttest": [
            "jp testing"
        ],
        "bank": []
    },
    "folders": [
        "chicken",
        "jordan",
        "friction_test",
        "duck",
        "amiga"
    ],
    "curr_test_num": 6,
    "unwanted_folder": " ",
    "folder": "amiga",
    "height_notification": "ON",
    "operator": "Jarom Harris",
    "height": 90.0,
    "sensors": {
        "X Load": {
            "slope": 0.00036380435530863355,
            "intercept": 0.001626938892859967,
            "points_list": [
                [
                    304.0,
                    0.02
                ],
                [
                    320.0,
                    0.05
                ],
                [
                    352.0,
                    0.1
                ],
                [
                    480.0,
                    0.2
                ],
                [
                    1072.0,
                    0.5
                ],
                [
                    2512.0,
                    1.0
                ],
                [
                    5440.0,
                    2.0
                ],
                [
                    8368.0,
                    3.0
                ]
            ]
        },
        "Pot Angle": {
            "slope": 0.000687238294290319,
            "intercept": -0.2793166153447678,
            "points_list": [
                [
                    448.0,
                    0.02
                ],
                [
                    496.0,
                    0.05
                ],
                [
                    560.0,
                    0.1
                ],
                [
                    688.0,
                    0.2
                ],
                [
                    1120.0,
                    0.5
                ],
                [
                    1840.0,
                    1.0
                ],
                [
                    3312.0,
                    2.0
                ],
                [
                    4784.0,
                    3.0
                ]
            ]
        },
        "IMU Angle": {
            "offset": 89.888
        },
        "Friction Load": {
            "slope": 0.0008598396530261416,
            "intercept": -0.271960520855974,
            "points_list": [
                [
                    96.0,
                    0.0
                ],
                [
                    1520.0,
                    1.0
                ],
                [
                    1952.0,
                    1.5
                ],
                [
                    2176.0,
                    1.7
                ],
                [
                    2464.0,
                    1.9
                ],
                [
                    1344.0,
                    0.7
                ],
                [
                    1152.0,
                    0.5
                ]
            ]
        }
    },
    "break_height": "N/A",
    "barcode_scan": "OFF",
    "selected_folder": "amiga",
    "plot_num": 113,
    "prev_height": 0,
    "notes": {
        "pretest": [
            "speed test 6 staulks"
        ],
        "posttest": [],
        "bank": [
            "100, 200, 500, 1000 compression",
            "100, 300, 500, 1500, 2500 tension",
            "100, 300, 500, 1000, 1500, 2000, tension",
            "second load cell test, single stalk, 105 deg, with second bar, low friction",
            "usb test",
            "angle 105 deg, height 48.5, single stalk",
            "d= 10 cm",
            "pullTest",
            "height 51cm, angle 16.7 deg, 6 staulks",
            "  angle 16.7, height 51 cm, 17 ft/min",
            "angle = 16.7, h = 51 cm, speed = 25 ft/min",
            "2nd bar test with taped bar"
        ]
    },
    "height_sensor": "OFF"
}